FontName,Font Type
85775,fon
85855,fon
8514fix,fon
8514fixe,fon
8514fixg,fon
8514fixr,fon
8514fixt,fon
8514oem,fon
8514oeme,fon
8514oemg,fon
8514oemr,fon
8514oemt,fon
8514sys,fon
8514syse,fon
8514sysg,fon
8514sysr,fon
8514syst,fon
85f1255,fon
85f1256,fon
85f1257,fon
85f874,fon
85s1255,fon
85s1256,fon
85s1257,fon
85s874,fon
ACaslonPro-Bold,otf
ACaslonPro-BoldItalic,otf
ACaslonPro-Italic,otf
ACaslonPro-Regular,otf
ACaslonPro-Semibold,otf
ACaslonPro-SemiboldItalic,otf
AdobeArabic-Bold,otf
AdobeArabic-BoldItalic,otf
AdobeArabic-Italic,otf
AdobeArabic-Regular,otf
AdobeClean-Black,otf
AdobeClean-BlackIt,otf
AdobeClean-Bold,otf
AdobeClean-BoldIt,otf
AdobeClean-BoldSemiCn,otf
AdobeClean-BoldSemiCnIt,otf
AdobeClean-ExtraBold,otf
AdobeClean-ExtraBoldIt,otf
AdobeClean-It,otf
AdobeClean-Light,otf
AdobeClean-LightIt,otf
AdobeClean-Regular,otf
AdobeClean-SemiCn,otf
AdobeClean-SemiCnIt,otf
AdobeDevanagari-Bold,otf
AdobeDevanagari-BoldItalic,otf
AdobeDevanagari-Italic,otf
AdobeDevanagari-Regular,otf
AdobeFangsongStd-Regular,otf
AdobeFanHeitiStd-Bold,otf
AdobeGothicStd-Bold,otf
AdobeGothicStd-Light,otf
AdobeHebrew-Bold,otf
AdobeHebrew-BoldItalic,otf
AdobeHebrew-Italic,otf
AdobeHebrew-Regular,otf
AdobeHeitiStd-Regular,otf
AdobeKaitiStd-Regular,otf
AdobeMingStd-Light,otf
AdobeMyungjoStd-Medium,otf
AdobePiStd,otf
AdobeSongStd-Light,otf
AdobeTextPro-Bold,otf
AdobeTextPro-BoldIt,otf
AdobeTextPro-It,otf
AdobeTextPro-Regular,otf
AdobeTextPro-Semibold,otf
AdobeTextPro-SemiboldIt,otf
AdobeThai-Bold,otf
AdobeThai-BoldItalic,otf
AdobeThai-Italic,otf
AdobeThai-Regular,otf
AGaramondPro-Bold,otf
AGaramondPro-BoldItalic,otf
AGaramondPro-Italic,otf
AGaramondPro-Regular,otf
AGaramondPro-Semibold,otf
AGaramondPro-SemiboldItalic,otf
AGENCYB,TTF
AGENCYR,TTF
AJensonPro-Bold,otf
AJensonPro-BoldCapt,otf
AJensonPro-BoldDisp,otf
AJensonPro-BoldIt,otf
AJensonPro-BoldItCapt,otf
AJensonPro-BoldItDisp,otf
AJensonPro-BoldItSubh,otf
AJensonPro-BoldSubh,otf
AJensonPro-Capt,otf
AJensonPro-Disp,otf
AJensonPro-It,otf
AJensonPro-ItCapt,otf
AJensonPro-ItDisp,otf
AJensonPro-ItSubh,otf
AJensonPro-Lt,otf
AJensonPro-LtCapt,otf
AJensonPro-LtDisp,otf
AJensonPro-LtIt,otf
AJensonPro-LtItCapt,otf
AJensonPro-LtItDisp,otf
AJensonPro-LtItSubh,otf
AJensonPro-LtSubh,otf
AJensonPro-Regular,otf
AJensonPro-Semibold,otf
AJensonPro-SemiboldCapt,otf
AJensonPro-SemiboldDisp,otf
AJensonPro-SemiboldIt,otf
AJensonPro-SemiboldItCapt,otf
AJensonPro-SemiboldItDisp,otf
AJensonPro-SemiboldItSubh,otf
AJensonPro-SemiboldSubh,otf
AJensonPro-Subh,otf
AlexaStd,otf
ALGER,TTF
ANTQUAB,TTF
ANTQUABI,TTF
ANTQUAI,TTF
ARIALN,TTF
ARIALNB,TTF
ARIALNBI,TTF
ARIALNI,TTF
ARLRDBD,TTF
ArnoPro-Bold,otf
ArnoPro-BoldCaption,otf
ArnoPro-BoldDisplay,otf
ArnoPro-BoldItalic,otf
ArnoPro-BoldItalicCaption,otf
ArnoPro-BoldItalicDisplay,otf
ArnoPro-BoldItalicSmText,otf
ArnoPro-BoldItalicSubhead,otf
ArnoPro-BoldSmText,otf
ArnoPro-BoldSubhead,otf
ArnoPro-Caption,otf
ArnoPro-Display,otf
ArnoPro-Italic,otf
ArnoPro-ItalicCaption,otf
ArnoPro-ItalicDisplay,otf
ArnoPro-ItalicSmText,otf
ArnoPro-ItalicSubhead,otf
ArnoPro-LightDisplay,otf
ArnoPro-LightItalicDisplay,otf
ArnoPro-Regular,otf
ArnoPro-Smbd,otf
ArnoPro-SmbdCaption,otf
ArnoPro-SmbdDisplay,otf
ArnoPro-SmbdItalic,otf
ArnoPro-SmbdItalicCaption,otf
ArnoPro-SmbdItalicDisplay,otf
ArnoPro-SmbdItalicSmText,otf
ArnoPro-SmbdItalicSubhead,otf
ArnoPro-SmbdSmText,otf
ArnoPro-SmbdSubhead,otf
ArnoPro-SmText,otf
ArnoPro-Subhead,otf
BASKVILL,TTF
BAUHS93,TTF
BELL,TTF
BELLB,TTF
BELLI,TTF
BERNHC,TTF
BIZ-UDGothicB,ttc
BIZ-UDGothicR,ttc
BIZ-UDMinchoM,ttc
BKANT,TTF
BOD_B,TTF
BOD_BI,TTF
BOD_BLAI,TTF
BOD_BLAR,TTF
BOD_CB,TTF
BOD_CBI,TTF
BOD_CI,TTF
BOD_CR,TTF
BOD_I,TTF
BOD_PSTC,TTF
BOD_R,TTF
BOOKOS,TTF
BOOKOSB,TTF
HypatiaSansPro-BoldIt,otf
HypatiaSansPro-ExtraLight,otf
HypatiaSansPro-ExtraLightIt,otf
HypatiaSansPro-It,otf
HypatiaSansPro-Light,otf
HypatiaSansPro-LightIt,otf
HypatiaSansPro-Regular,otf
HypatiaSansPro-Semibold,otf
HypatiaSansPro-SemiboldIt,otf
ImmiFiveOFiveStd,otf
IMPRISHA,TTF
INFROMAN,TTF
Inkfree,ttf
IronwoodStd,otf
ITCBLKAD,TTF
ITCEDSCR,TTF
ITCKRIST,TTF
JOKERMAN,TTF
JUICE___,TTF
JuniperStd,otf
KazurakiSP2N-Light,otf
KazurakiSPN-Light,otf
KeplerStd-Black,otf
KeplerStd-BlackCapt,otf
KeplerStd-BlackCnDisp,otf
KeplerStd-BlackCnItDisp,otf
KeplerStd-BlackCnItSubh,otf
KeplerStd-BlackCnSubh,otf
KeplerStd-BlackDisp,otf
KeplerStd-BlackExt,otf
KeplerStd-BlackExtCapt,otf
KeplerStd-BlackExtDisp,otf
KeplerStd-BlackExtIt,otf
KeplerStd-BlackExtItCapt,otf
KeplerStd-BlackExtItDisp,otf
KeplerStd-BlackExtItSubh,otf
KeplerStd-BlackExtSubh,otf
KeplerStd-BlackIt,otf
KeplerStd-BlackItCapt,otf
KeplerStd-BlackItDisp,otf
KeplerStd-BlackItSubh,otf
KeplerStd-BlackScn,otf
KeplerStd-BlackScnCapt,otf
KeplerStd-BlackScnDisp,otf
KeplerStd-BlackScnIt,otf
KeplerStd-BlackScnItCapt,otf
KeplerStd-BlackScnItDisp,otf
KeplerStd-BlackScnItSubh,otf
KeplerStd-BlackScnSubh,otf
KeplerStd-BlackSubh,otf
KeplerStd-Bold,otf
KeplerStd-BoldCapt,otf
KeplerStd-BoldCnDisp,otf
KeplerStd-BoldCnItDisp,otf
KeplerStd-BoldCnItSubh,otf
KeplerStd-BoldCnSubh,otf
KeplerStd-BoldDisp,otf
KeplerStd-BoldExt,otf
KeplerStd-BoldExtCapt,otf
KeplerStd-BoldExtDisp,otf
KeplerStd-BoldExtIt,otf
KeplerStd-BoldExtItCapt,otf
KeplerStd-BoldExtItDisp,otf
KeplerStd-BoldExtItSubh,otf
KeplerStd-BoldExtSubh,otf
KeplerStd-BoldIt,otf
KeplerStd-BoldItCapt,otf
KeplerStd-BoldItDisp,otf
KeplerStd-BoldItSubh,otf
KeplerStd-BoldScn,otf
KeplerStd-BoldScnCapt,otf
KeplerStd-BoldScnDisp,otf
KeplerStd-BoldScnIt,otf
KeplerStd-BoldScnItCapt,otf
KeplerStd-BoldScnItDisp,otf
KeplerStd-BoldScnItSubh,otf
KeplerStd-BoldScnSubh,otf
KeplerStd-BoldSubh,otf
KeplerStd-Capt,otf
KeplerStd-CnDisp,otf
KeplerStd-CnItDisp,otf
KeplerStd-CnItSubh,otf
KeplerStd-CnSubh,otf
KeplerStd-Disp,otf
KeplerStd-Ext,otf
KeplerStd-ExtCapt,otf
KeplerStd-ExtDisp,otf
KeplerStd-ExtIt,otf
KeplerStd-ExtItCapt,otf
KeplerStd-ExtItDisp,otf
KeplerStd-ExtItSubh,otf
KeplerStd-ExtSubh,otf
KeplerStd-Italic,otf
KeplerStd-ItCapt,otf
KeplerStd-ItDisp,otf
KeplerStd-ItSubh,otf
KeplerStd-Light,otf
KeplerStd-LightCapt,otf
KeplerStd-LightCnDisp,otf
KeplerStd-LightCnItDisp,otf
KeplerStd-LightCnItSubh,otf
KeplerStd-LightCnSubh,otf
KeplerStd-LightDisp,otf
KeplerStd-LightExt,otf
KeplerStd-LightExtCapt,otf
KeplerStd-LightExtDisp,otf
KeplerStd-LightExtIt,otf
KeplerStd-LightExtItCapt,otf
KeplerStd-LightExtItDisp,otf
KeplerStd-LightExtItSubh,otf
KeplerStd-LightExtSubh,otf
KeplerStd-LightIt,otf
KeplerStd-LightItCapt,otf
KeplerStd-LightItDisp,otf
KeplerStd-LightItSubh,otf
KeplerStd-LightScn,otf
KeplerStd-LightScnCapt,otf
KeplerStd-LightScnDisp,otf
KeplerStd-LightScnIt,otf
KeplerStd-LightScnItCapt,otf
KeplerStd-LightScnItDisp,otf
KeplerStd-LightScnItSubh,otf
KeplerStd-LightScnSubh,otf
KeplerStd-LightSubh,otf
KeplerStd-Medium,otf
KeplerStd-MediumCapt,otf
KeplerStd-MediumCnDisp,otf
KeplerStd-MediumCnItDisp,otf
KeplerStd-MediumCnItSubh,otf
KeplerStd-MediumCnSubh,otf
KeplerStd-MediumDisp,otf
KeplerStd-MediumExt,otf
KeplerStd-MediumExtCapt,otf
KeplerStd-MediumExtDisp,otf
KeplerStd-MediumExtIt,otf
KeplerStd-MediumExtItCapt,otf
KeplerStd-MediumExtItDisp,otf
KeplerStd-MediumExtItSubh,otf
KeplerStd-MediumExtSubh,otf
KeplerStd-MediumIt,otf
KeplerStd-MediumItCapt,otf
KeplerStd-MediumItDisp,otf
KeplerStd-MediumItSubh,otf
KeplerStd-MediumScn,otf
KeplerStd-MediumScnCapt,otf
KeplerStd-MediumScnDisp,otf
KeplerStd-MediumScnIt,otf
KeplerStd-MediumScnItCapt,otf
KeplerStd-MediumScnItDisp,otf
KeplerStd-MediumScnItSubh,otf
KeplerStd-MediumScnSubh,otf
KeplerStd-MediumSubh,otf
KeplerStd-Regular,otf
KeplerStd-Scn,otf
KeplerStd-ScnCapt,otf
KeplerStd-ScnDisp,otf
KeplerStd-ScnIt,otf
KeplerStd-ScnItCapt,otf
KeplerStd-ScnItDisp,otf
KeplerStd-ScnItSubh,otf
KeplerStd-ScnSubh,otf
KeplerStd-Semibold,otf
KeplerStd-SemiboldCapt,otf
KeplerStd-SemiboldCnDisp,otf
KeplerStd-SemiboldCnItDisp,otf
KeplerStd-SemiboldCnItSubh,otf
KeplerStd-SemiboldCnSubh,otf
KeplerStd-SemiboldDisp,otf
KeplerStd-SemiboldExt,otf
KeplerStd-SemiboldExtCapt,otf
KeplerStd-SemiboldExtDisp,otf
KeplerStd-SemiboldExtIt,otf
KeplerStd-SemiboldExtItCapt,otf
KeplerStd-SemiboldExtItDisp,otf
KeplerStd-SemiboldExtItSubh,otf
KeplerStd-SemiboldExtSubh,otf
KeplerStd-SemiboldIt,otf
KeplerStd-SemiboldItCapt,otf
KeplerStd-SemiboldItDisp,otf
KeplerStd-SemiboldItSubh,otf
KeplerStd-SemiboldScn,otf
KUNSTLER,TTF
RyoDispPlusN-ExtraBold,otf
RyoDispPlusN-Heavy,otf
RyoDispPlusN-Medium,otf
RyoDispPlusN-SemiBold,otf
RyoDispStd-Bold,otf
RyoDispStd-ExtraBold,otf
RyoDispStd-Heavy,otf
RyoDispStd-Medium,otf
RyoDispStd-SemiBold,otf
RyoGothicPlusN-Bold,otf
RyoGothicPlusN-ExtraLight,otf
RyoGothicPlusN-Heavy,otf
RyoGothicPlusN-Light,otf
RyoGothicPlusN-Medium,otf
RyoGothicPlusN-Regular,otf
RyoGothicPlusN-UI-Bold,ttf
RyoGothicPlusN-UI-Regular,ttf
RyoGothicPlusN-UltraHeavy,otf
RyoGothicStd-Bold,otf
RyoGothicStd-ExtraLight,otf
RyoGothicStd-Heavy,otf
RyoGothicStd-Light,otf
RyoGothicStd-Medium,otf
RyoGothicStd-Regular,otf
RyoGothicStd-UltraHeavy,otf
RyoTextPlusN-ExtraLight,otf
RyoTextPlusN-Light,otf
RyoTextPlusN-Medium,otf
RyoTextPlusN-Regular,otf
RyoTextStd-ExtraLight,otf
RyoTextStd-Light,otf
RyoTextStd-Medium,otf
RyoTextStd-Regular,otf
SanvitoPro-Bold,otf
SanvitoPro-BoldCapt,otf
SanvitoPro-BoldDisp,otf
SanvitoPro-BoldSubh,otf
SanvitoPro-Capt,otf
SanvitoPro-Disp,otf
SanvitoPro-Lt,otf
SanvitoPro-LtCapt,otf
SanvitoPro-LtDisp,otf
SanvitoPro-LtSubh,otf
SanvitoPro-Regular,otf
SanvitoPro-Semibold,otf
SanvitoPro-SemiboldCapt,otf
SanvitoPro-SemiboldDisp,otf
SanvitoPro-SemiboldSubh,otf
SanvitoPro-Subh,otf
SCHLBKB,TTF
SCHLBKBI,TTF
SCHLBKI,TTF
SCRIPTBL,TTF
SHOWG,TTF
ShurikenStd-Boy,otf
Sitka,ttc
SitkaB,ttc
SitkaI,ttc
SitkaZ,ttc
SNAP____,TTF
STENCIL,TTF
StencilStd,otf
StrumpfStd-Contour,otf
StrumpfStd-Open,otf
SymbolStd,otf
TCB_____,TTF
TCBI____,TTF
TCCB____,TTF
TCCEB,TTF
TCCM____,TTF
TCM_____,TTF
TCMI____,TTF
TektonPro-Bold,otf
TektonPro-BoldCond,otf
TektonPro-BoldCondObl,otf
TektonPro-BoldExt,otf
TektonPro-BoldExtObl,otf
TektonPro-BoldObl,otf
TektonPro-Cond,otf
TektonPro-CondObl,otf
TektonPro-Ext,otf
TektonPro-ExtObl,otf
TektonPro-Light,otf
TektonPro-LightCond,otf
TektonPro-LightCondObl,otf
TektonPro-LightExt,otf
TektonPro-LightExtObl,otf
TektonPro-LightObl,otf
TektonPro-Obl,otf
TektonPro-Regular,otf
TEMPSITC,TTF
ToolboxStd,otf
TrajanPro-Bold,otf
TrajanPro-Regular,otf
UDDigiKyokashoN-B,ttc
UDDigiKyokashoN-R,ttc
UtopiaStd-BlackHeadline,otf
UtopiaStd-Bold,otf
UtopiaStd-BoldCapt,otf
UtopiaStd-BoldCaptIt,otf
UtopiaStd-BoldDisp,otf
UtopiaStd-BoldDispIt,otf
UtopiaStd-BoldIt,otf
UtopiaStd-BoldSubh,otf
UtopiaStd-BoldSubhIt,otf
UtopiaStd-Capt,otf
UtopiaStd-CaptIt,otf
UtopiaStd-Disp,otf
UtopiaStd-DispIt,otf
UtopiaStd-Italic,otf
UtopiaStd-Regular,otf
UtopiaStd-Semibold,otf
UtopiaStd-SemiboldCapt,otf
UtopiaStd-SemiboldCaptIt,otf
UtopiaStd-SemiboldDisp,otf
UtopiaStd-SemiboldDispIt,otf
UtopiaStd-SemiboldIt,otf
UtopiaStd-SemiboldSubh,otf
UtopiaStd-SemiboldSubhIt,otf
UtopiaStd-Subh,otf
UtopiaStd-SubhIt,otf
VINERITC,TTF
VIVALDII,TTF
VivaStd-Bold,otf
VivaStd-BoldCondensed,otf
VivaStd-BoldExtraExtended,otf
VivaStd-Condensed,otf
VivaStd-ExtraExtended,otf
VivaStd-Light,otf
VivaStd-LightCondensed,otf
VivaStd-LightExtraExtended,otf
VivaStd-Regular,otf
VLADIMIR,TTF
VolutaScriptPro-Regular,otf
WarnockPro-Bold,otf
WarnockPro-BoldCapt,otf
WarnockPro-BoldDisp,otf
WarnockPro-BoldIt,otf
WarnockPro-BoldItCapt,otf
WarnockPro-BoldItDisp,otf
WarnockPro-BoldItSubh,otf
WarnockPro-BoldSubh,otf
WarnockPro-Capt,otf
WarnockPro-Disp,otf
WarnockPro-It,otf
WarnockPro-ItCapt,otf
WarnockPro-ItDisp,otf
WarnockPro-ItSubh,otf
WarnockPro-Light,otf
WarnockPro-LightCapt,otf
WarnockPro-LightDisp,otf
WarnockPro-LightIt,otf
WarnockPro-LightItCapt,otf
WarnockPro-LightItDisp,otf
WarnockPro-LightItSubh,otf
WarnockPro-LightSubh,otf
WarnockPro-Regular,otf
WarnockPro-Semibold,otf
WarnockPro-SemiboldCapt,otf
WarnockPro-SemiboldDisp,otf
WarnockPro-SemiboldIt,otf
WarnockPro-SemiboldItCapt,otf
WarnockPro-SemiboldItDisp,otf
WarnockPro-SemiboldItSubh,otf
WarnockPro-SemiboldSubh,otf
WarnockPro-Subh,otf
WillowStd,otf
WINGDNG2,TTF
WINGDNG3,TTF
WoodtypeOrnamentsStd,otf
YuGothB,ttc
YuGothL,ttc
YuGothM,ttc
YuGothR,ttc
YUMIN,TTF
YUMINDB,TTF
YUMINL,TTF
ZebrawoodStd-Fill,otf
ZebrawoodStd-Regular,otf
ZWAdobeF,TTF